--
-- PostgreSQL database dump
--

\restrict dNeHfxzhzX6ZMLVT9ZlesecFbr5PAokUbconeCA7WD19IO1dsVoiKuKWpelwfMC

-- Dumped from database version 17.6 (Debian 17.6-1.pgdg13+1)
-- Dumped by pg_dump version 17.6 (Debian 17.6-1.pgdg13+1)

SET statement_timeout = 0;
SET lock_timeout = 0;
SET idle_in_transaction_session_timeout = 0;
SET transaction_timeout = 0;
SET client_encoding = 'UTF8';
SET standard_conforming_strings = on;
SELECT pg_catalog.set_config('search_path', '', false);
SET check_function_bodies = false;
SET xmloption = content;
SET client_min_messages = warning;
SET row_security = off;

SET default_tablespace = '';

SET default_table_access_method = heap;

--
-- Name: auth_group; Type: TABLE; Schema: public; Owner: postgres
--

CREATE TABLE public.auth_group (
    id integer NOT NULL,
    name character varying(150) NOT NULL
);


ALTER TABLE public.auth_group OWNER TO postgres;

--
-- Name: auth_group_id_seq; Type: SEQUENCE; Schema: public; Owner: postgres
--

ALTER TABLE public.auth_group ALTER COLUMN id ADD GENERATED BY DEFAULT AS IDENTITY (
    SEQUENCE NAME public.auth_group_id_seq
    START WITH 1
    INCREMENT BY 1
    NO MINVALUE
    NO MAXVALUE
    CACHE 1
);


--
-- Name: auth_group_permissions; Type: TABLE; Schema: public; Owner: postgres
--

CREATE TABLE public.auth_group_permissions (
    id bigint NOT NULL,
    group_id integer NOT NULL,
    permission_id integer NOT NULL
);


ALTER TABLE public.auth_group_permissions OWNER TO postgres;

--
-- Name: auth_group_permissions_id_seq; Type: SEQUENCE; Schema: public; Owner: postgres
--

ALTER TABLE public.auth_group_permissions ALTER COLUMN id ADD GENERATED BY DEFAULT AS IDENTITY (
    SEQUENCE NAME public.auth_group_permissions_id_seq
    START WITH 1
    INCREMENT BY 1
    NO MINVALUE
    NO MAXVALUE
    CACHE 1
);


--
-- Name: auth_permission; Type: TABLE; Schema: public; Owner: postgres
--

CREATE TABLE public.auth_permission (
    id integer NOT NULL,
    name character varying(255) NOT NULL,
    content_type_id integer NOT NULL,
    codename character varying(100) NOT NULL
);


ALTER TABLE public.auth_permission OWNER TO postgres;

--
-- Name: auth_permission_id_seq; Type: SEQUENCE; Schema: public; Owner: postgres
--

ALTER TABLE public.auth_permission ALTER COLUMN id ADD GENERATED BY DEFAULT AS IDENTITY (
    SEQUENCE NAME public.auth_permission_id_seq
    START WITH 1
    INCREMENT BY 1
    NO MINVALUE
    NO MAXVALUE
    CACHE 1
);


--
-- Name: auth_user; Type: TABLE; Schema: public; Owner: postgres
--

CREATE TABLE public.auth_user (
    id integer NOT NULL,
    password character varying(128) NOT NULL,
    last_login timestamp with time zone,
    is_superuser boolean NOT NULL,
    username character varying(150) NOT NULL,
    first_name character varying(150) NOT NULL,
    last_name character varying(150) NOT NULL,
    email character varying(254) NOT NULL,
    is_staff boolean NOT NULL,
    is_active boolean NOT NULL,
    date_joined timestamp with time zone NOT NULL
);


ALTER TABLE public.auth_user OWNER TO postgres;

--
-- Name: auth_user_groups; Type: TABLE; Schema: public; Owner: postgres
--

CREATE TABLE public.auth_user_groups (
    id bigint NOT NULL,
    user_id integer NOT NULL,
    group_id integer NOT NULL
);


ALTER TABLE public.auth_user_groups OWNER TO postgres;

--
-- Name: auth_user_groups_id_seq; Type: SEQUENCE; Schema: public; Owner: postgres
--

ALTER TABLE public.auth_user_groups ALTER COLUMN id ADD GENERATED BY DEFAULT AS IDENTITY (
    SEQUENCE NAME public.auth_user_groups_id_seq
    START WITH 1
    INCREMENT BY 1
    NO MINVALUE
    NO MAXVALUE
    CACHE 1
);


--
-- Name: auth_user_id_seq; Type: SEQUENCE; Schema: public; Owner: postgres
--

ALTER TABLE public.auth_user ALTER COLUMN id ADD GENERATED BY DEFAULT AS IDENTITY (
    SEQUENCE NAME public.auth_user_id_seq
    START WITH 1
    INCREMENT BY 1
    NO MINVALUE
    NO MAXVALUE
    CACHE 1
);


--
-- Name: auth_user_user_permissions; Type: TABLE; Schema: public; Owner: postgres
--

CREATE TABLE public.auth_user_user_permissions (
    id bigint NOT NULL,
    user_id integer NOT NULL,
    permission_id integer NOT NULL
);


ALTER TABLE public.auth_user_user_permissions OWNER TO postgres;

--
-- Name: auth_user_user_permissions_id_seq; Type: SEQUENCE; Schema: public; Owner: postgres
--

ALTER TABLE public.auth_user_user_permissions ALTER COLUMN id ADD GENERATED BY DEFAULT AS IDENTITY (
    SEQUENCE NAME public.auth_user_user_permissions_id_seq
    START WITH 1
    INCREMENT BY 1
    NO MINVALUE
    NO MAXVALUE
    CACHE 1
);


--
-- Name: cars_brand; Type: TABLE; Schema: public; Owner: postgres
--

CREATE TABLE public.cars_brand (
    id bigint NOT NULL,
    name character varying(200) NOT NULL
);


ALTER TABLE public.cars_brand OWNER TO postgres;

--
-- Name: cars_brand_id_seq; Type: SEQUENCE; Schema: public; Owner: postgres
--

ALTER TABLE public.cars_brand ALTER COLUMN id ADD GENERATED BY DEFAULT AS IDENTITY (
    SEQUENCE NAME public.cars_brand_id_seq
    START WITH 1
    INCREMENT BY 1
    NO MINVALUE
    NO MAXVALUE
    CACHE 1
);


--
-- Name: cars_car; Type: TABLE; Schema: public; Owner: postgres
--

CREATE TABLE public.cars_car (
    id bigint NOT NULL,
    model character varying(200) NOT NULL,
    factory_year integer,
    model_year integer,
    plate character varying(10),
    price double precision,
    bio text,
    brand_id bigint NOT NULL,
    state_id bigint NOT NULL,
    mileage integer NOT NULL,
    color character varying(50)
);


ALTER TABLE public.cars_car OWNER TO postgres;

--
-- Name: cars_car_id_seq; Type: SEQUENCE; Schema: public; Owner: postgres
--

ALTER TABLE public.cars_car ALTER COLUMN id ADD GENERATED BY DEFAULT AS IDENTITY (
    SEQUENCE NAME public.cars_car_id_seq
    START WITH 1
    INCREMENT BY 1
    NO MINVALUE
    NO MAXVALUE
    CACHE 1
);


--
-- Name: cars_carimage; Type: TABLE; Schema: public; Owner: postgres
--

CREATE TABLE public.cars_carimage (
    id bigint NOT NULL,
    image character varying(100) NOT NULL,
    is_main boolean NOT NULL,
    car_id bigint NOT NULL
);


ALTER TABLE public.cars_carimage OWNER TO postgres;

--
-- Name: cars_carimage_id_seq; Type: SEQUENCE; Schema: public; Owner: postgres
--

ALTER TABLE public.cars_carimage ALTER COLUMN id ADD GENERATED BY DEFAULT AS IDENTITY (
    SEQUENCE NAME public.cars_carimage_id_seq
    START WITH 1
    INCREMENT BY 1
    NO MINVALUE
    NO MAXVALUE
    CACHE 1
);


--
-- Name: cars_carinventory; Type: TABLE; Schema: public; Owner: postgres
--

CREATE TABLE public.cars_carinventory (
    id bigint NOT NULL,
    cars_count integer NOT NULL,
    cars_value double precision NOT NULL,
    created_at timestamp with time zone NOT NULL
);


ALTER TABLE public.cars_carinventory OWNER TO postgres;

--
-- Name: cars_carinventory_id_seq; Type: SEQUENCE; Schema: public; Owner: postgres
--

ALTER TABLE public.cars_carinventory ALTER COLUMN id ADD GENERATED BY DEFAULT AS IDENTITY (
    SEQUENCE NAME public.cars_carinventory_id_seq
    START WITH 1
    INCREMENT BY 1
    NO MINVALUE
    NO MAXVALUE
    CACHE 1
);


--
-- Name: cars_state; Type: TABLE; Schema: public; Owner: postgres
--

CREATE TABLE public.cars_state (
    id bigint NOT NULL,
    name character varying(50) NOT NULL,
    state_code character varying(2) NOT NULL
);


ALTER TABLE public.cars_state OWNER TO postgres;

--
-- Name: cars_state_id_seq; Type: SEQUENCE; Schema: public; Owner: postgres
--

ALTER TABLE public.cars_state ALTER COLUMN id ADD GENERATED BY DEFAULT AS IDENTITY (
    SEQUENCE NAME public.cars_state_id_seq
    START WITH 1
    INCREMENT BY 1
    NO MINVALUE
    NO MAXVALUE
    CACHE 1
);


--
-- Name: django_admin_log; Type: TABLE; Schema: public; Owner: postgres
--

CREATE TABLE public.django_admin_log (
    id integer NOT NULL,
    action_time timestamp with time zone NOT NULL,
    object_id text,
    object_repr character varying(200) NOT NULL,
    action_flag smallint NOT NULL,
    change_message text NOT NULL,
    content_type_id integer,
    user_id integer NOT NULL,
    CONSTRAINT django_admin_log_action_flag_check CHECK ((action_flag >= 0))
);


ALTER TABLE public.django_admin_log OWNER TO postgres;

--
-- Name: django_admin_log_id_seq; Type: SEQUENCE; Schema: public; Owner: postgres
--

ALTER TABLE public.django_admin_log ALTER COLUMN id ADD GENERATED BY DEFAULT AS IDENTITY (
    SEQUENCE NAME public.django_admin_log_id_seq
    START WITH 1
    INCREMENT BY 1
    NO MINVALUE
    NO MAXVALUE
    CACHE 1
);


--
-- Name: django_content_type; Type: TABLE; Schema: public; Owner: postgres
--

CREATE TABLE public.django_content_type (
    id integer NOT NULL,
    app_label character varying(100) NOT NULL,
    model character varying(100) NOT NULL
);


ALTER TABLE public.django_content_type OWNER TO postgres;

--
-- Name: django_content_type_id_seq; Type: SEQUENCE; Schema: public; Owner: postgres
--

ALTER TABLE public.django_content_type ALTER COLUMN id ADD GENERATED BY DEFAULT AS IDENTITY (
    SEQUENCE NAME public.django_content_type_id_seq
    START WITH 1
    INCREMENT BY 1
    NO MINVALUE
    NO MAXVALUE
    CACHE 1
);


--
-- Name: django_migrations; Type: TABLE; Schema: public; Owner: postgres
--

CREATE TABLE public.django_migrations (
    id bigint NOT NULL,
    app character varying(255) NOT NULL,
    name character varying(255) NOT NULL,
    applied timestamp with time zone NOT NULL
);


ALTER TABLE public.django_migrations OWNER TO postgres;

--
-- Name: django_migrations_id_seq; Type: SEQUENCE; Schema: public; Owner: postgres
--

ALTER TABLE public.django_migrations ALTER COLUMN id ADD GENERATED BY DEFAULT AS IDENTITY (
    SEQUENCE NAME public.django_migrations_id_seq
    START WITH 1
    INCREMENT BY 1
    NO MINVALUE
    NO MAXVALUE
    CACHE 1
);


--
-- Name: django_session; Type: TABLE; Schema: public; Owner: postgres
--

CREATE TABLE public.django_session (
    session_key character varying(40) NOT NULL,
    session_data text NOT NULL,
    expire_date timestamp with time zone NOT NULL
);


ALTER TABLE public.django_session OWNER TO postgres;

--
-- Data for Name: auth_group; Type: TABLE DATA; Schema: public; Owner: postgres
--

COPY public.auth_group (id, name) FROM stdin;
\.


--
-- Data for Name: auth_group_permissions; Type: TABLE DATA; Schema: public; Owner: postgres
--

COPY public.auth_group_permissions (id, group_id, permission_id) FROM stdin;
\.


--
-- Data for Name: auth_permission; Type: TABLE DATA; Schema: public; Owner: postgres
--

COPY public.auth_permission (id, name, content_type_id, codename) FROM stdin;
1	Can add log entry	1	add_logentry
2	Can change log entry	1	change_logentry
3	Can delete log entry	1	delete_logentry
4	Can view log entry	1	view_logentry
5	Can add permission	2	add_permission
6	Can change permission	2	change_permission
7	Can delete permission	2	delete_permission
8	Can view permission	2	view_permission
9	Can add group	3	add_group
10	Can change group	3	change_group
11	Can delete group	3	delete_group
12	Can view group	3	view_group
13	Can add user	4	add_user
14	Can change user	4	change_user
15	Can delete user	4	delete_user
16	Can view user	4	view_user
17	Can add content type	5	add_contenttype
18	Can change content type	5	change_contenttype
19	Can delete content type	5	delete_contenttype
20	Can view content type	5	view_contenttype
21	Can add session	6	add_session
22	Can change session	6	change_session
23	Can delete session	6	delete_session
24	Can view session	6	view_session
25	Can add brand	7	add_brand
26	Can change brand	7	change_brand
27	Can delete brand	7	delete_brand
28	Can view brand	7	view_brand
29	Can add car inventory	8	add_carinventory
30	Can change car inventory	8	change_carinventory
31	Can delete car inventory	8	delete_carinventory
32	Can view car inventory	8	view_carinventory
33	Can add state	9	add_state
34	Can change state	9	change_state
35	Can delete state	9	delete_state
36	Can view state	9	view_state
37	Can add car	10	add_car
38	Can change car	10	change_car
39	Can delete car	10	delete_car
40	Can view car	10	view_car
41	Can add car image	11	add_carimage
42	Can change car image	11	change_carimage
43	Can delete car image	11	delete_carimage
44	Can view car image	11	view_carimage
\.


--
-- Data for Name: auth_user; Type: TABLE DATA; Schema: public; Owner: postgres
--

COPY public.auth_user (id, password, last_login, is_superuser, username, first_name, last_name, email, is_staff, is_active, date_joined) FROM stdin;
1	pbkdf2_sha256$1000000$9PMH8ZjrRc2WxDB9dqGj8T$lgvvPqzG2XgL1A6PCJcAxI0kgLXL8xl/wJQeW2uefEM=	2025-10-02 23:34:43.266317+00	f	testeusuario				f	t	2025-10-02 23:34:34.248518+00
3	pbkdf2_sha256$1000000$9WyuL8agq4ia8Do1PbVsOT$hyf6uVuafc6R5R8Ar6jOmiqQ6/V1zhN+rAhoMp4Nl48=	2025-10-14 22:35:30.091406+00	f	AnaBeatriz				f	t	2025-10-14 22:33:43.743388+00
4	pbkdf2_sha256$1000000$5z5hzRqYy7azSLDnhv61ui$ZyOOTcLRCp1iaA5TkDVCUSjVL9yJ7iiFscxhKxMjYCo=	2025-10-14 23:01:49.299773+00	f	Anderson				f	t	2025-10-14 23:01:19.472974+00
7	pbkdf2_sha256$1000000$gorcI4MAprQHh86Z4Ti8ou$6rNsEgT3zna4WX0hAoVQtH1+WKb/eiKLScxLZqjlB1E=	2025-10-15 13:15:09.147558+00	f	testeusuario1				f	t	2025-10-15 13:15:08.703134+00
2	pbkdf2_sha256$1000000$caIiz2UNBwwgSKoU0cxGNz$8zhL6HHhKqF1psx5VUct2s8KksQ6/i/B1MR/wbSvV4s=	2025-10-15 14:02:36.590311+00	t	imedina				t	t	2025-10-03 00:18:31.04439+00
\.


--
-- Data for Name: auth_user_groups; Type: TABLE DATA; Schema: public; Owner: postgres
--

COPY public.auth_user_groups (id, user_id, group_id) FROM stdin;
\.


--
-- Data for Name: auth_user_user_permissions; Type: TABLE DATA; Schema: public; Owner: postgres
--

COPY public.auth_user_user_permissions (id, user_id, permission_id) FROM stdin;
\.


--
-- Data for Name: cars_brand; Type: TABLE DATA; Schema: public; Owner: postgres
--

COPY public.cars_brand (id, name) FROM stdin;
3	Volkswagen
1	Chevrolet
5	Ford
2	Toyota
6	Honda
4	Nissan
7	Hyundai
8	Kia
9	Mercedes-Benz
10	BMW
11	Audi
12	Renault
13	Peugeot
14	Fiat
15	Suzuki
16	Mitsubishi
17	Subaru
18	Mazda
19	Tesla
20	Land Rover
21	Jaguar
22	Volvo
23	Porsche
24	Lexus
25	Cadillac
26	Infiniti
27	Buick
28	Chrysler
29	Dodge
30	GMC
31	Ram
32	Mini
33	Alfa Romeo
34	Skoda
35	Citroen
36	Opel
37	Jeep
38	BYD
\.


--
-- Data for Name: cars_car; Type: TABLE DATA; Schema: public; Owner: postgres
--

COPY public.cars_car (id, model, factory_year, model_year, plate, price, bio, brand_id, state_id, mileage, color) FROM stdin;
7	Ecosport Storm 2.0	2018	2019	KXE8F92	84000		5	5	45000	Prata
6	Gol G4 1.0	2010	2010	HFR453GH	28900		3	19	112000	Preto
8	Monza	1989	1989	EZR7A0F	15000	Ótimo estado.	1	19	245000	Vinho
9	Fiesta Rocam 1.0	2008	2008	45F35ZT	23000	Excelente estado.	5	25	195000	Prata
10	Vectra CD 2.2 16v	2001	2001	KXE8F94	30000		1	25	115000	Prata
11	Uno Mille 1.0	2002	2002	HFR453GD	18000		14	19	178000	Prata
12	320i M Sport 2.0T	2024	2024	FGE23F4	398000		10	25	6000	Branca
13	Palio Fire Celebration 1.0	2007	2007	FGE23F3	21500		14	19	133000	Prata
14	Corolla Altis 1.8 Hybrid	2023	2023	DF32GRH	145000		2	19	23000	Branco
5	Astra GSI	2003	2003	EZR7A0O	25000		1	19	148000	Preto
\.


--
-- Data for Name: cars_carimage; Type: TABLE DATA; Schema: public; Owner: postgres
--

COPY public.cars_carimage (id, image, is_main, car_id) FROM stdin;
20	cars/IMG_6200.jpg	f	5
21	cars/IMG_6203.jpg	f	5
22	cars/IMG_6209.jpg	f	5
23	cars/gol-g4.jpeg	t	6
24	cars/ecosport-storm.jpeg	t	7
25	cars/monza.jpeg	t	8
26	cars/Ford-Fiesta-2003-2.jpg	t	9
27	cars/vectra-cd.jpg	t	10
28	cars/uno-mille.jpg	t	11
29	cars/bmw-320i.jpeg	t	12
30	cars/FIAT-PALIO-1.0-MPI-FIRE-CELEBRATION-8V-FLEX-4P-MANUAL-wmimagem12132435376.jpg	t	13
31	cars/toyota-corolla-gr-s-2022.jpeg	t	14
18	cars/IMG_6198.jpg	f	5
19	cars/IMG_6199.jpg	t	5
\.


--
-- Data for Name: cars_carinventory; Type: TABLE DATA; Schema: public; Owner: postgres
--

COPY public.cars_carinventory (id, cars_count, cars_value, created_at) FROM stdin;
1	1	25000	2025-10-03 00:47:50.863787+00
2	2	50000	2025-10-03 00:50:36.070172+00
4	1	25000	2025-10-03 00:54:58.62182+00
5	0	0	2025-10-03 00:55:01.70012+00
6	1	25000	2025-10-03 00:55:36.515229+00
7	0	0	2025-10-03 01:11:43.871188+00
8	1	25000	2025-10-03 01:12:36.617021+00
9	0	0	2025-10-03 01:13:08.092145+00
10	1	25000	2025-10-03 01:13:44.381637+00
11	1	25000	2025-10-03 01:50:17.030523+00
12	1	25000	2025-10-03 01:51:33.3065+00
13	1	25000	2025-10-03 01:52:06.405242+00
14	2	53900	2025-10-03 23:01:58.217951+00
15	3	137900	2025-10-03 23:02:58.76203+00
16	3	137900	2025-10-04 00:15:01.446997+00
17	3	137900	2025-10-04 00:15:10.662937+00
18	3	137900	2025-10-04 00:15:21.531458+00
19	4	152900	2025-10-14 23:08:59.499951+00
20	4	152900	2025-10-14 23:13:54.024277+00
21	5	175900	2025-10-15 14:04:19.869219+00
22	6	205900	2025-10-15 14:06:39.631761+00
23	7	223900	2025-10-15 14:08:08.301456+00
24	8	621900	2025-10-15 14:09:29.487961+00
25	9	643400	2025-10-15 14:10:24.134625+00
26	10	788400	2025-10-15 14:13:44.704655+00
27	10	788400	2025-10-15 14:15:53.873699+00
\.


--
-- Data for Name: cars_state; Type: TABLE DATA; Schema: public; Owner: postgres
--

COPY public.cars_state (id, name, state_code) FROM stdin;
1	Acre	AC
2	Alagoas	AL
3	Amapá	AP
4	Amazonas	AM
5	Bahia	BA
6	Ceará	CE
7	Distrito Federal	DF
8	Espírito Santo	ES
9	Goiás	GO
10	Maranhão	MA
11	Mato Grosso	MT
12	Mato Grosso do Sul	MS
13	Minas Gerais	MG
14	Pará	PA
15	Paraíba	PB
16	Paraná	PR
17	Pernambuco	PE
18	Piauí	PI
19	Rio de Janeiro	RJ
20	Rio Grande do Norte	RN
21	Rio Grande do Sul	RS
22	Rondônia	RO
23	Roraima	RR
24	Santa Catarina	SC
25	São Paulo	SP
26	Sergipe	SE
27	Tocantins	TO
\.


--
-- Data for Name: django_admin_log; Type: TABLE DATA; Schema: public; Owner: postgres
--

COPY public.django_admin_log (id, action_time, object_id, object_repr, action_flag, change_message, content_type_id, user_id) FROM stdin;
1	2025-10-03 00:18:42.515429+00	1	Chevrolet	1	[{"added": {}}]	7	2
2	2025-10-04 00:15:01.449069+00	7	Ecosport Storm 2.0	2	[{"changed": {"fields": ["Color"]}}]	10	2
3	2025-10-04 00:15:10.663753+00	6	Gol G4 1.0	2	[{"changed": {"fields": ["Color"]}}]	10	2
4	2025-10-04 00:15:21.53229+00	5	Astra GSI	2	[{"changed": {"fields": ["Color"]}}]	10	2
5	2025-10-15 13:14:10.125339+00	5	testeusuario1	3		4	2
6	2025-10-15 13:14:54.939305+00	6	testeusuario1	3		4	2
\.


--
-- Data for Name: django_content_type; Type: TABLE DATA; Schema: public; Owner: postgres
--

COPY public.django_content_type (id, app_label, model) FROM stdin;
1	admin	logentry
2	auth	permission
3	auth	group
4	auth	user
5	contenttypes	contenttype
6	sessions	session
7	cars	brand
8	cars	carinventory
9	cars	state
10	cars	car
11	cars	carimage
\.


--
-- Data for Name: django_migrations; Type: TABLE DATA; Schema: public; Owner: postgres
--

COPY public.django_migrations (id, app, name, applied) FROM stdin;
1	contenttypes	0001_initial	2025-10-02 23:33:39.239496+00
2	auth	0001_initial	2025-10-02 23:33:39.251416+00
3	admin	0001_initial	2025-10-02 23:33:39.255936+00
4	admin	0002_logentry_remove_auto_add	2025-10-02 23:33:39.25831+00
5	admin	0003_logentry_add_action_flag_choices	2025-10-02 23:33:39.260603+00
6	contenttypes	0002_remove_content_type_name	2025-10-02 23:33:39.265554+00
7	auth	0002_alter_permission_name_max_length	2025-10-02 23:33:39.268722+00
8	auth	0003_alter_user_email_max_length	2025-10-02 23:33:39.27113+00
9	auth	0004_alter_user_username_opts	2025-10-02 23:33:39.273314+00
10	auth	0005_alter_user_last_login_null	2025-10-02 23:33:39.275718+00
11	auth	0006_require_contenttypes_0002	2025-10-02 23:33:39.276093+00
12	auth	0007_alter_validators_add_error_messages	2025-10-02 23:33:39.278176+00
13	auth	0008_alter_user_username_max_length	2025-10-02 23:33:39.281142+00
14	auth	0009_alter_user_last_name_max_length	2025-10-02 23:33:39.283666+00
15	auth	0010_alter_group_name_max_length	2025-10-02 23:33:39.286531+00
16	auth	0011_update_proxy_permissions	2025-10-02 23:33:39.288811+00
17	auth	0012_alter_user_first_name_max_length	2025-10-02 23:33:39.292169+00
18	cars	0001_initial	2025-10-02 23:33:39.298239+00
19	cars	0002_car_mileage	2025-10-02 23:33:39.29986+00
20	cars	0003_alter_car_photo	2025-10-02 23:33:39.300954+00
21	cars	0004_alter_car_photo	2025-10-02 23:33:39.302213+00
22	cars	0005_remove_car_photo_carimage	2025-10-02 23:33:39.305665+00
23	sessions	0001_initial	2025-10-02 23:33:39.307533+00
24	cars	0006_car_color	2025-10-04 00:13:04.44193+00
\.


--
-- Data for Name: django_session; Type: TABLE DATA; Schema: public; Owner: postgres
--

COPY public.django_session (session_key, session_data, expire_date) FROM stdin;
j8tsym3xqfcc1dmp21i466kpv7c46n5k	.eJxVjMsOwiAUBf-FtSEgXBCX7v2GhvuoVA0kpV0Z_12bdKHbMzPnpYa8LmVYu8zDxOqsnDr8bpjpIXUDfM_11jS1uswT6k3RO-362liel939Oyi5l2-NDDaRDy6RMFqXARKgGSlECCOIjZ7Fs7cnBGesmBQiMYcY6SjekXp_AOf8N94:1v8ncA:FWaKezLImZGepDCa6nxLWr8wb41JXkhqgp5XOZ-74xA	2025-10-28 22:35:30.094684+00
z4rm8nza4ki26tdi33p4bh19x1661hco	.eJxVjDEOwjAMRe-SGUVtiGnMyM4ZIjt2SAGlUtNOiLtDpQ6w_vfef5lI61Li2nSOo5iz8ebwuzGlh9YNyJ3qbbJpqss8st0Uu9Nmr5Po87K7fweFWvnWmUBgQHTglMT1yIFxgADa9YmPJwpI0EFWIaJESVmcshdk8JLZm_cH_IY5VQ:1v8o1d:oLGraqCkUiyFSuG7oMlkvfvWmokFY1ocafACGkSA1G4	2025-10-28 23:01:49.300814+00
fgvc1cw0qaw258j0l4l2ujpzajksvbli	e30:1v91Ij:ArOmzJ28LOcz4sQxrdZAIp0pkiMAvMjN1kGitumvU5g	2025-10-29 13:12:21.71118+00
9wv6mu1utk9yx9dxkjwokgb2ggzdypbl	.eJxVjEEOwiAQRe_C2pAyHQRcuu8ZyDBMpWpoUtqV8e7apAvd_vfef6lI21ri1mSJU1YXBer0uyXih9Qd5DvV26x5rusyJb0r-qBND3OW5_Vw_w4KtfKtvUc2ztgRz0ghIJJwIGtYkjjKhowFcsy9S9wBWEA0nkcrziP1Haj3B93-N5U:1v925M:b2sqL_Hx7RMQGYBCaDfdxBfRjqneuWSa_iAAl9V3WF8	2025-10-29 14:02:36.591431+00
\.


--
-- Name: auth_group_id_seq; Type: SEQUENCE SET; Schema: public; Owner: postgres
--

SELECT pg_catalog.setval('public.auth_group_id_seq', 1, false);


--
-- Name: auth_group_permissions_id_seq; Type: SEQUENCE SET; Schema: public; Owner: postgres
--

SELECT pg_catalog.setval('public.auth_group_permissions_id_seq', 1, false);


--
-- Name: auth_permission_id_seq; Type: SEQUENCE SET; Schema: public; Owner: postgres
--

SELECT pg_catalog.setval('public.auth_permission_id_seq', 44, true);


--
-- Name: auth_user_groups_id_seq; Type: SEQUENCE SET; Schema: public; Owner: postgres
--

SELECT pg_catalog.setval('public.auth_user_groups_id_seq', 1, false);


--
-- Name: auth_user_id_seq; Type: SEQUENCE SET; Schema: public; Owner: postgres
--

SELECT pg_catalog.setval('public.auth_user_id_seq', 7, true);


--
-- Name: auth_user_user_permissions_id_seq; Type: SEQUENCE SET; Schema: public; Owner: postgres
--

SELECT pg_catalog.setval('public.auth_user_user_permissions_id_seq', 1, false);


--
-- Name: cars_brand_id_seq; Type: SEQUENCE SET; Schema: public; Owner: postgres
--

SELECT pg_catalog.setval('public.cars_brand_id_seq', 38, true);


--
-- Name: cars_car_id_seq; Type: SEQUENCE SET; Schema: public; Owner: postgres
--

SELECT pg_catalog.setval('public.cars_car_id_seq', 14, true);


--
-- Name: cars_carimage_id_seq; Type: SEQUENCE SET; Schema: public; Owner: postgres
--

SELECT pg_catalog.setval('public.cars_carimage_id_seq', 31, true);


--
-- Name: cars_carinventory_id_seq; Type: SEQUENCE SET; Schema: public; Owner: postgres
--

SELECT pg_catalog.setval('public.cars_carinventory_id_seq', 27, true);


--
-- Name: cars_state_id_seq; Type: SEQUENCE SET; Schema: public; Owner: postgres
--

SELECT pg_catalog.setval('public.cars_state_id_seq', 27, true);


--
-- Name: django_admin_log_id_seq; Type: SEQUENCE SET; Schema: public; Owner: postgres
--

SELECT pg_catalog.setval('public.django_admin_log_id_seq', 6, true);


--
-- Name: django_content_type_id_seq; Type: SEQUENCE SET; Schema: public; Owner: postgres
--

SELECT pg_catalog.setval('public.django_content_type_id_seq', 11, true);


--
-- Name: django_migrations_id_seq; Type: SEQUENCE SET; Schema: public; Owner: postgres
--

SELECT pg_catalog.setval('public.django_migrations_id_seq', 24, true);


--
-- Name: auth_group auth_group_name_key; Type: CONSTRAINT; Schema: public; Owner: postgres
--

ALTER TABLE ONLY public.auth_group
    ADD CONSTRAINT auth_group_name_key UNIQUE (name);


--
-- Name: auth_group_permissions auth_group_permissions_group_id_permission_id_0cd325b0_uniq; Type: CONSTRAINT; Schema: public; Owner: postgres
--

ALTER TABLE ONLY public.auth_group_permissions
    ADD CONSTRAINT auth_group_permissions_group_id_permission_id_0cd325b0_uniq UNIQUE (group_id, permission_id);


--
-- Name: auth_group_permissions auth_group_permissions_pkey; Type: CONSTRAINT; Schema: public; Owner: postgres
--

ALTER TABLE ONLY public.auth_group_permissions
    ADD CONSTRAINT auth_group_permissions_pkey PRIMARY KEY (id);


--
-- Name: auth_group auth_group_pkey; Type: CONSTRAINT; Schema: public; Owner: postgres
--

ALTER TABLE ONLY public.auth_group
    ADD CONSTRAINT auth_group_pkey PRIMARY KEY (id);


--
-- Name: auth_permission auth_permission_content_type_id_codename_01ab375a_uniq; Type: CONSTRAINT; Schema: public; Owner: postgres
--

ALTER TABLE ONLY public.auth_permission
    ADD CONSTRAINT auth_permission_content_type_id_codename_01ab375a_uniq UNIQUE (content_type_id, codename);


--
-- Name: auth_permission auth_permission_pkey; Type: CONSTRAINT; Schema: public; Owner: postgres
--

ALTER TABLE ONLY public.auth_permission
    ADD CONSTRAINT auth_permission_pkey PRIMARY KEY (id);


--
-- Name: auth_user_groups auth_user_groups_pkey; Type: CONSTRAINT; Schema: public; Owner: postgres
--

ALTER TABLE ONLY public.auth_user_groups
    ADD CONSTRAINT auth_user_groups_pkey PRIMARY KEY (id);


--
-- Name: auth_user_groups auth_user_groups_user_id_group_id_94350c0c_uniq; Type: CONSTRAINT; Schema: public; Owner: postgres
--

ALTER TABLE ONLY public.auth_user_groups
    ADD CONSTRAINT auth_user_groups_user_id_group_id_94350c0c_uniq UNIQUE (user_id, group_id);


--
-- Name: auth_user auth_user_pkey; Type: CONSTRAINT; Schema: public; Owner: postgres
--

ALTER TABLE ONLY public.auth_user
    ADD CONSTRAINT auth_user_pkey PRIMARY KEY (id);


--
-- Name: auth_user_user_permissions auth_user_user_permissions_pkey; Type: CONSTRAINT; Schema: public; Owner: postgres
--

ALTER TABLE ONLY public.auth_user_user_permissions
    ADD CONSTRAINT auth_user_user_permissions_pkey PRIMARY KEY (id);


--
-- Name: auth_user_user_permissions auth_user_user_permissions_user_id_permission_id_14a6b632_uniq; Type: CONSTRAINT; Schema: public; Owner: postgres
--

ALTER TABLE ONLY public.auth_user_user_permissions
    ADD CONSTRAINT auth_user_user_permissions_user_id_permission_id_14a6b632_uniq UNIQUE (user_id, permission_id);


--
-- Name: auth_user auth_user_username_key; Type: CONSTRAINT; Schema: public; Owner: postgres
--

ALTER TABLE ONLY public.auth_user
    ADD CONSTRAINT auth_user_username_key UNIQUE (username);


--
-- Name: cars_brand cars_brand_pkey; Type: CONSTRAINT; Schema: public; Owner: postgres
--

ALTER TABLE ONLY public.cars_brand
    ADD CONSTRAINT cars_brand_pkey PRIMARY KEY (id);


--
-- Name: cars_car cars_car_pkey; Type: CONSTRAINT; Schema: public; Owner: postgres
--

ALTER TABLE ONLY public.cars_car
    ADD CONSTRAINT cars_car_pkey PRIMARY KEY (id);


--
-- Name: cars_carimage cars_carimage_pkey; Type: CONSTRAINT; Schema: public; Owner: postgres
--

ALTER TABLE ONLY public.cars_carimage
    ADD CONSTRAINT cars_carimage_pkey PRIMARY KEY (id);


--
-- Name: cars_carinventory cars_carinventory_pkey; Type: CONSTRAINT; Schema: public; Owner: postgres
--

ALTER TABLE ONLY public.cars_carinventory
    ADD CONSTRAINT cars_carinventory_pkey PRIMARY KEY (id);


--
-- Name: cars_state cars_state_name_key; Type: CONSTRAINT; Schema: public; Owner: postgres
--

ALTER TABLE ONLY public.cars_state
    ADD CONSTRAINT cars_state_name_key UNIQUE (name);


--
-- Name: cars_state cars_state_pkey; Type: CONSTRAINT; Schema: public; Owner: postgres
--

ALTER TABLE ONLY public.cars_state
    ADD CONSTRAINT cars_state_pkey PRIMARY KEY (id);


--
-- Name: cars_state cars_state_state_code_key; Type: CONSTRAINT; Schema: public; Owner: postgres
--

ALTER TABLE ONLY public.cars_state
    ADD CONSTRAINT cars_state_state_code_key UNIQUE (state_code);


--
-- Name: django_admin_log django_admin_log_pkey; Type: CONSTRAINT; Schema: public; Owner: postgres
--

ALTER TABLE ONLY public.django_admin_log
    ADD CONSTRAINT django_admin_log_pkey PRIMARY KEY (id);


--
-- Name: django_content_type django_content_type_app_label_model_76bd3d3b_uniq; Type: CONSTRAINT; Schema: public; Owner: postgres
--

ALTER TABLE ONLY public.django_content_type
    ADD CONSTRAINT django_content_type_app_label_model_76bd3d3b_uniq UNIQUE (app_label, model);


--
-- Name: django_content_type django_content_type_pkey; Type: CONSTRAINT; Schema: public; Owner: postgres
--

ALTER TABLE ONLY public.django_content_type
    ADD CONSTRAINT django_content_type_pkey PRIMARY KEY (id);


--
-- Name: django_migrations django_migrations_pkey; Type: CONSTRAINT; Schema: public; Owner: postgres
--

ALTER TABLE ONLY public.django_migrations
    ADD CONSTRAINT django_migrations_pkey PRIMARY KEY (id);


--
-- Name: django_session django_session_pkey; Type: CONSTRAINT; Schema: public; Owner: postgres
--

ALTER TABLE ONLY public.django_session
    ADD CONSTRAINT django_session_pkey PRIMARY KEY (session_key);


--
-- Name: auth_group_name_a6ea08ec_like; Type: INDEX; Schema: public; Owner: postgres
--

CREATE INDEX auth_group_name_a6ea08ec_like ON public.auth_group USING btree (name varchar_pattern_ops);


--
-- Name: auth_group_permissions_group_id_b120cbf9; Type: INDEX; Schema: public; Owner: postgres
--

CREATE INDEX auth_group_permissions_group_id_b120cbf9 ON public.auth_group_permissions USING btree (group_id);


--
-- Name: auth_group_permissions_permission_id_84c5c92e; Type: INDEX; Schema: public; Owner: postgres
--

CREATE INDEX auth_group_permissions_permission_id_84c5c92e ON public.auth_group_permissions USING btree (permission_id);


--
-- Name: auth_permission_content_type_id_2f476e4b; Type: INDEX; Schema: public; Owner: postgres
--

CREATE INDEX auth_permission_content_type_id_2f476e4b ON public.auth_permission USING btree (content_type_id);


--
-- Name: auth_user_groups_group_id_97559544; Type: INDEX; Schema: public; Owner: postgres
--

CREATE INDEX auth_user_groups_group_id_97559544 ON public.auth_user_groups USING btree (group_id);


--
-- Name: auth_user_groups_user_id_6a12ed8b; Type: INDEX; Schema: public; Owner: postgres
--

CREATE INDEX auth_user_groups_user_id_6a12ed8b ON public.auth_user_groups USING btree (user_id);


--
-- Name: auth_user_user_permissions_permission_id_1fbb5f2c; Type: INDEX; Schema: public; Owner: postgres
--

CREATE INDEX auth_user_user_permissions_permission_id_1fbb5f2c ON public.auth_user_user_permissions USING btree (permission_id);


--
-- Name: auth_user_user_permissions_user_id_a95ead1b; Type: INDEX; Schema: public; Owner: postgres
--

CREATE INDEX auth_user_user_permissions_user_id_a95ead1b ON public.auth_user_user_permissions USING btree (user_id);


--
-- Name: auth_user_username_6821ab7c_like; Type: INDEX; Schema: public; Owner: postgres
--

CREATE INDEX auth_user_username_6821ab7c_like ON public.auth_user USING btree (username varchar_pattern_ops);


--
-- Name: cars_car_brand_id_c90a4eb4; Type: INDEX; Schema: public; Owner: postgres
--

CREATE INDEX cars_car_brand_id_c90a4eb4 ON public.cars_car USING btree (brand_id);


--
-- Name: cars_car_state_id_13887d42; Type: INDEX; Schema: public; Owner: postgres
--

CREATE INDEX cars_car_state_id_13887d42 ON public.cars_car USING btree (state_id);


--
-- Name: cars_carimage_car_id_79259e8e; Type: INDEX; Schema: public; Owner: postgres
--

CREATE INDEX cars_carimage_car_id_79259e8e ON public.cars_carimage USING btree (car_id);


--
-- Name: cars_state_name_42ffa1f6_like; Type: INDEX; Schema: public; Owner: postgres
--

CREATE INDEX cars_state_name_42ffa1f6_like ON public.cars_state USING btree (name varchar_pattern_ops);


--
-- Name: cars_state_state_code_e07a4a1b_like; Type: INDEX; Schema: public; Owner: postgres
--

CREATE INDEX cars_state_state_code_e07a4a1b_like ON public.cars_state USING btree (state_code varchar_pattern_ops);


--
-- Name: django_admin_log_content_type_id_c4bce8eb; Type: INDEX; Schema: public; Owner: postgres
--

CREATE INDEX django_admin_log_content_type_id_c4bce8eb ON public.django_admin_log USING btree (content_type_id);


--
-- Name: django_admin_log_user_id_c564eba6; Type: INDEX; Schema: public; Owner: postgres
--

CREATE INDEX django_admin_log_user_id_c564eba6 ON public.django_admin_log USING btree (user_id);


--
-- Name: django_session_expire_date_a5c62663; Type: INDEX; Schema: public; Owner: postgres
--

CREATE INDEX django_session_expire_date_a5c62663 ON public.django_session USING btree (expire_date);


--
-- Name: django_session_session_key_c0390e0f_like; Type: INDEX; Schema: public; Owner: postgres
--

CREATE INDEX django_session_session_key_c0390e0f_like ON public.django_session USING btree (session_key varchar_pattern_ops);


--
-- Name: auth_group_permissions auth_group_permissio_permission_id_84c5c92e_fk_auth_perm; Type: FK CONSTRAINT; Schema: public; Owner: postgres
--

ALTER TABLE ONLY public.auth_group_permissions
    ADD CONSTRAINT auth_group_permissio_permission_id_84c5c92e_fk_auth_perm FOREIGN KEY (permission_id) REFERENCES public.auth_permission(id) DEFERRABLE INITIALLY DEFERRED;


--
-- Name: auth_group_permissions auth_group_permissions_group_id_b120cbf9_fk_auth_group_id; Type: FK CONSTRAINT; Schema: public; Owner: postgres
--

ALTER TABLE ONLY public.auth_group_permissions
    ADD CONSTRAINT auth_group_permissions_group_id_b120cbf9_fk_auth_group_id FOREIGN KEY (group_id) REFERENCES public.auth_group(id) DEFERRABLE INITIALLY DEFERRED;


--
-- Name: auth_permission auth_permission_content_type_id_2f476e4b_fk_django_co; Type: FK CONSTRAINT; Schema: public; Owner: postgres
--

ALTER TABLE ONLY public.auth_permission
    ADD CONSTRAINT auth_permission_content_type_id_2f476e4b_fk_django_co FOREIGN KEY (content_type_id) REFERENCES public.django_content_type(id) DEFERRABLE INITIALLY DEFERRED;


--
-- Name: auth_user_groups auth_user_groups_group_id_97559544_fk_auth_group_id; Type: FK CONSTRAINT; Schema: public; Owner: postgres
--

ALTER TABLE ONLY public.auth_user_groups
    ADD CONSTRAINT auth_user_groups_group_id_97559544_fk_auth_group_id FOREIGN KEY (group_id) REFERENCES public.auth_group(id) DEFERRABLE INITIALLY DEFERRED;


--
-- Name: auth_user_groups auth_user_groups_user_id_6a12ed8b_fk_auth_user_id; Type: FK CONSTRAINT; Schema: public; Owner: postgres
--

ALTER TABLE ONLY public.auth_user_groups
    ADD CONSTRAINT auth_user_groups_user_id_6a12ed8b_fk_auth_user_id FOREIGN KEY (user_id) REFERENCES public.auth_user(id) DEFERRABLE INITIALLY DEFERRED;


--
-- Name: auth_user_user_permissions auth_user_user_permi_permission_id_1fbb5f2c_fk_auth_perm; Type: FK CONSTRAINT; Schema: public; Owner: postgres
--

ALTER TABLE ONLY public.auth_user_user_permissions
    ADD CONSTRAINT auth_user_user_permi_permission_id_1fbb5f2c_fk_auth_perm FOREIGN KEY (permission_id) REFERENCES public.auth_permission(id) DEFERRABLE INITIALLY DEFERRED;


--
-- Name: auth_user_user_permissions auth_user_user_permissions_user_id_a95ead1b_fk_auth_user_id; Type: FK CONSTRAINT; Schema: public; Owner: postgres
--

ALTER TABLE ONLY public.auth_user_user_permissions
    ADD CONSTRAINT auth_user_user_permissions_user_id_a95ead1b_fk_auth_user_id FOREIGN KEY (user_id) REFERENCES public.auth_user(id) DEFERRABLE INITIALLY DEFERRED;


--
-- Name: cars_car cars_car_brand_id_c90a4eb4_fk_cars_brand_id; Type: FK CONSTRAINT; Schema: public; Owner: postgres
--

ALTER TABLE ONLY public.cars_car
    ADD CONSTRAINT cars_car_brand_id_c90a4eb4_fk_cars_brand_id FOREIGN KEY (brand_id) REFERENCES public.cars_brand(id) DEFERRABLE INITIALLY DEFERRED;


--
-- Name: cars_car cars_car_state_id_13887d42_fk_cars_state_id; Type: FK CONSTRAINT; Schema: public; Owner: postgres
--

ALTER TABLE ONLY public.cars_car
    ADD CONSTRAINT cars_car_state_id_13887d42_fk_cars_state_id FOREIGN KEY (state_id) REFERENCES public.cars_state(id) DEFERRABLE INITIALLY DEFERRED;


--
-- Name: cars_carimage cars_carimage_car_id_79259e8e_fk_cars_car_id; Type: FK CONSTRAINT; Schema: public; Owner: postgres
--

ALTER TABLE ONLY public.cars_carimage
    ADD CONSTRAINT cars_carimage_car_id_79259e8e_fk_cars_car_id FOREIGN KEY (car_id) REFERENCES public.cars_car(id) DEFERRABLE INITIALLY DEFERRED;


--
-- Name: django_admin_log django_admin_log_content_type_id_c4bce8eb_fk_django_co; Type: FK CONSTRAINT; Schema: public; Owner: postgres
--

ALTER TABLE ONLY public.django_admin_log
    ADD CONSTRAINT django_admin_log_content_type_id_c4bce8eb_fk_django_co FOREIGN KEY (content_type_id) REFERENCES public.django_content_type(id) DEFERRABLE INITIALLY DEFERRED;


--
-- Name: django_admin_log django_admin_log_user_id_c564eba6_fk_auth_user_id; Type: FK CONSTRAINT; Schema: public; Owner: postgres
--

ALTER TABLE ONLY public.django_admin_log
    ADD CONSTRAINT django_admin_log_user_id_c564eba6_fk_auth_user_id FOREIGN KEY (user_id) REFERENCES public.auth_user(id) DEFERRABLE INITIALLY DEFERRED;


--
-- PostgreSQL database dump complete
--

\unrestrict dNeHfxzhzX6ZMLVT9ZlesecFbr5PAokUbconeCA7WD19IO1dsVoiKuKWpelwfMC

